Workbook

Sheet Solicitud
D1: FORMULARIO DE SOLICITUD
D2: VIATICOS, REMBOLSOS Y GASTOS DE
D3: REPRESENTACION
B5: Fecha Solicitud | C5: 46073
B6: Cliente | C6: Chilquinta Miraflores
B7: Motivo | C7: Visita de emergencia en Miraflores por falla de baterías en 03 UPS´s MST 40KVA
B8: ACN | C8: ACN°4488
B9: Orden de Compra
B10: Solicitado por | C10: Claudia Parra Pérez
B11: Responsable | C11: José Rojas Ramírez
B12: Gastos para | C12: Viatico no rendible $ | D12: Fondo a rendir $ | E12: Gastos representacion $ | F12: Reembolso $ | G12: Total gastos estimados
C13: $ | D13: Rendir $ | E13: Representacion $ | F13: $ | G13: Estimado
B14: Peajes | D14: =PEAJE!A2
B15: Envio de carga | D15: 0
B16: Hotel | D16: ='ALOJAMIENTO EN CAMINO'!A2
B17: Combustible | D17: =COMBUSTIBLE!A2
B18: Imprevistos | D18: ='% IMPREVISTOS'!A2
B19: Tecnico Asignado
B20: José Rojas Ramírez | C20: 20000
B21: Jonathan Carrera Pérez | C21: 20000
B22: Jorge Aravena Ibarra | C22: 20000
B23: Andrés Inostroza | C23: 20000
B25: Total | C25: =SUM(C20:C23) | D25: =SUM(D14:D18) | E25: =SUM(E14:E18) | F25: =SUM(F14:F18) | G25: =C25+D25+E25+F25
B27: Combustible | E27: Dias | F27: 1
B28: Vehiculo Empresa | C28: X | E28: Noches | F28: 0
B29: Vehiculo arrendado
B30: Vehiculo propio
B32: Nacional | C32: X | E32: Fondo a rendir | F32: Viatico no rendible
B33: Internacional | E33: rendir | F33: Rendible
E34: =D25 | F34: =C25
B36: Fecha de Inicio | C36: 46073
B37: Fecha de termino | C37: 46073
B39: Destino 1 | C39: Viña del Mar
B40: Destino 2
B41: Destino 3
B42: Destino 4
B44: Jefe de Area | C44: Cristián Sánchez Rojas

Sheet PEAJE
A1: Peaje Ida y Vuelta
A2: 30000
C5: En Auto/Camioneta | D5: Ida y Vuelta | F5: En Camion | G5: Ida y Vuelta
A6: Santiago | B6: Antofagasta | C6: 12100 | D6: =C6*2 | F6: 18800 | G6: =F6*2
B7: La Serena | C7: 12100 | D7: =C7*2 | F7: 18800 | G7: =F7*2
B8: Ovalle | C8: 9700 | D8: =C8*2 | F8: 15000 | G8: =F8*2
B9: Illapel | C9: 7300 | D9: =C9*2 | F9: 11200 | G9: =F9*2
B10: La Ligua | C10: 4900 | D10: =C10*2 | F10: 7600 | G10: =F10*2
B11: Quillota | C11: 2500 | D11: =C11*2 | F11: 3700 | G11: =F11*2
B12: Valparaiso | C12: 4000 | D12: =C12*2 | F12: 5000 | G12: =F12*2
A14: Santiago | B14: Rancagua | C14: 1800 | D14: =C14*2 | F14: 3200 | G14: =F14*2
B15: Curico | C15: 3600 | D15: =C15*2 | F15: 6400 | G15: =F15*2
B16: Talca | C16: 5400 | D16: =C16*2 | F16: 9600 | G16: =F16*2
B17: Chillan | C17: 7200 | D17: =C17*2 | F17: 12800 | G17: =F17*2
B18: Concepcion | C18: 9000 | D18: =C18*2 | F18: 16100 | G18: =F18*2
B19: Temuco | C19: 12500 | D19: =C19*2 | F19: 22500 | G19: =F19*2
B20: Valdivia | C20: 15900 | D20: =C20*2 | F20: 28700 | G20: =F20*2
B21: Osorno | C21: 17600 | D21: =C21*2 | F21: 31800 | G21: =F21*2
B22: Puerto Montt | C22: 19800 | D22: =C22*2 | F22: 35800 | G22: =F22*2
B26: Valor | C26: Valor
A27: Peajes hacia el norte | B27: Auto/Camioneta | C27: Camion
A28: Lampa | B28: 1000 | C28: 1400
A29: Las Vegas | B29: 1500 | C29: 2300
A30: Tunel el Melon | B30: 2400 | C30: 3900
A31: Pichidangui | B31: 2400 | C31: 3600
A32: Troncal Sur Los Vilos La Serena | B32: 2400 | C32: 3800
A33: Troncal Norte Los Vilos La Serena | B33: 2400 | C33: 3800
A35: Peajes hacia el Sur | B35: Auto/Camioneta | C35: Camion
A36: Angostura | B36: 1800 | C36: 3200
A37: Quinta | B37: 1800 | C37: 3200
A38: Rio claro | B38: 1800 | C38: 3200
A39: Retiro | B39: 1800 | C39: 3200
A40: Santa Clara | B40: 1800 | C40: 3300
A41: Las Maicas | B41: 1800 | C41: 3300
A42: Troncal Norte -Pua | B42: 1700 | C42: 3100
A43: Troncal Sur -Quepe | B43: 1700 | C43: 3100
A44: Troncal Lanco | B44: 1700 | C44: 3100
A45: Troncal La Union | B45: 1700 | C45: 3100
A46: Troncal Purranque | B46: 1700 | C46: 3100
A47: Troncal by pass Puerto Montt | B47: 500 | C47: 900

Sheet COMBUSTIBLE
A1: Combustible Ida y Vuelta
A2: =B18
B7: Auto/Camioneta | C7: Camion
A8: Valor Combustible por litro ($) | B8: 1450 | C8: 1100
A9: Consumo (Km/Lt) | B9: 10 | C9: 6
A10: Kilometros de ida | B10: 800 | C10: 800
A11: Kilometros de vuelta | B11: 800 | C11: 800
A12: Kilometros totales | B12: =B10+B11 | C12: =C10+C11
A13: Consumo combustible total (lts.) | B13: =B12/B9 | C13: =C12/C9
B17: Auto/Camioneta | C17: Camion
A18: Costo combustible total ($) | B18: =B13*B8 | C18: =C13*C8

Sheet ALOJAMIENTO EN CAMINO
A1: Total alojamiento
A2: =D15
D6: Valores
C7: bajo | D7: promedio | E7: alto
B8: Dias ida | D8: 3
B9: Dias vuelta | D9: 0
B10: Habitacion doble con bano | C10: 20000 | D10: 70000 | E10: 60000
B11: Habitacion single con bano
B15: Total alojamiento en camino | C15: =(D8+D9)*C10 | D15: =(D8+D9)*D10 | E15: =(D8+D9)*E10

Sheet % IMPREVISTOS
A1: 20% Imprevistos
A2: =E4
A4: 0.2 | B4: 20% PARA GASTOS IMPREVISTOS | E4: =A4*(PEAJE!A2+COMBUSTIBLE!A2+'ALOJAMIENTO EN CAMINO'!A2)

Sheet KILOMETRAJE
B1: Distancias para ingresar en Combustible | C1: Km desde Stgo
B2: Arica | C2: 2100
B3: Iquique | C3: 1800
B4: Calama | C4: 1600
B5: Tocopilla | C5: 1561
B6: Mejillones | C6: 1454
B7: Antofagasta | C7: 1377
B8: Chañaral | C8: 976
B9: Copiapo | C9: 803
B10: Vallenar | C10: 663
B11: La Serena | C11: 470
B12: Ovalle | C12: 403
B13: Illapel | C13: 281
... B16: Los Andes | C16: 78
B17: Santiago
B18: Sn.Fco. Mostazal | C18: 65
B19: Rancagua | C19: 84
B20: Saanta Cruz | C20: 191
B21: Curico | C21: 194
B22: Talca | C22: 257
B23: Chillan | C23: 404
B24: Concepcion | C24: 500
B25: Temuco | C25: 676
B26: Valdivia | C26: 841
B27: Osorno | C27: 923
B28: Puerto Montt | C28: 1025
